Path,Reads,read_name
/home/jovyan/work/CCRP/MATRIX/RawData/Microbiomics/Metagenomics/sequencing_runs/seq221122_ISEQ1/MATRIX_meta_test_4A_shotgun_S44_L001_R1_001.fastq.gz,1005129,MATRIX_meta_test_4A_shotgun_S44_L001_R1_001.fastq.gz
/home/jovyan/work/CCRP/MATRIX/RawData/Microbiomics/Metagenomics/sequencing_runs/seq221122_ISEQ1/MATRIX_meta_test_4A_shotgun_S44_L001_R2_001.fastq.gz,1005129,MATRIX_meta_test_4A_shotgun_S44_L001_R2_001.fastq.gz
/home/jovyan/work/CCRP/MATRIX/RawData/Microbiomics/Metagenomics/sequencing_runs/seq221122_ISEQ1/MATRIX_meta_test_4E_shotgun_S45_L001_R1_001.fastq.gz,56014,MATRIX_meta_test_4E_shotgun_S45_L001_R1_001.fastq.gz
/home/jovyan/work/CCRP/MATRIX/RawData/Microbiomics/Metagenomics/sequencing_runs/seq221122_ISEQ1/MATRIX_meta_test_4E_shotgun_S45_L001_R2_001.fastq.gz,56014,MATRIX_meta_test_4E_shotgun_S45_L001_R2_001.fastq.gz
/home/jovyan/work/CCRP/MATRIX/RawData/Microbiomics/Metagenomics/sequencing_runs/seq221122_ISEQ1/MATRIX_meta_test_4G_shotgun_S46_L001_R1_001.fastq.gz,743469,MATRIX_meta_test_4G_shotgun_S46_L001_R1_001.fastq.gz
/home/jovyan/work/CCRP/MATRIX/RawData/Microbiomics/Metagenomics/sequencing_runs/seq221122_ISEQ1/MATRIX_meta_test_4G_shotgun_S46_L001_R2_001.fastq.gz,743469,MATRIX_meta_test_4G_shotgun_S46_L001_R2_001.fastq.gz
/home/jovyan/work/CCRP/MATRIX/RawData/Microbiomics/Metagenomics/sequencing_runs/seq221122_ISEQ1/R-070722-s-4H_shotgun_S47_L001_R1_001.fastq.gz,574776,R-070722-s-4H_shotgun_S47_L001_R1_001.fastq.gz
/home/jovyan/work/CCRP/MATRIX/RawData/Microbiomics/Metagenomics/sequencing_runs/seq221122_ISEQ1/R-070722-s-4H_shotgun_S47_L001_R2_001.fastq.gz,574776,R-070722-s-4H_shotgun_S47_L001_R2_001.fastq.gz
/home/jovyan/work/CCRP/MATRIX/RawData/Microbiomics/Metagenomics/sequencing_runs/seq221122_ISEQ1/R-140722-s-4I_shotgun_S48_L001_R1_001.fastq.gz,730632,R-140722-s-4I_shotgun_S48_L001_R1_001.fastq.gz
/home/jovyan/work/CCRP/MATRIX/RawData/Microbiomics/Metagenomics/sequencing_runs/seq221122_ISEQ1/R-140722-s-4I_shotgun_S48_L001_R2_001.fastq.gz,730632,R-140722-s-4I_shotgun_S48_L001_R2_001.fastq.gz
/home/jovyan/work/CCRP/MATRIX/RawData/Microbiomics/Metagenomics/sequencing_runs/seq221216_ISEQ4/_1A_16S_P4_crushed_S17_R1_001.fastq.gz,1560,_1A_16S_P4_crushed_S17_R1_001.fastq.gz
/home/jovyan/work/CCRP/MATRIX/RawData/Microbiomics/Metagenomics/sequencing_runs/seq221216_ISEQ4/_1A_16S_P4_crushed_S17_R2_001.fastq.gz,1560,_1A_16S_P4_crushed_S17_R2_001.fastq.gz
/home/jovyan/work/CCRP/MATRIX/RawData/Microbiomics/Metagenomics/sequencing_runs/seq221216_ISEQ4/_1A_16S_P4_crushed_newP_S25_R1_001.fastq.gz,3394,_1A_16S_P4_crushed_newP_S25_R1_001.fastq.gz
/home/jovyan/work/CCRP/MATRIX/RawData/Microbiomics/Metagenomics/sequencing_runs/seq221216_ISEQ4/_1A_16S_P4_crushed_newP_S25_R2_001.fastq.gz,3394,_1A_16S_P4_crushed_newP_S25_R2_001.fastq.gz
/home/jovyan/work/CCRP/MATRIX/RawData/Microbiomics/Metagenomics/sequencing_runs/seq221216_ISEQ4/_1A_ITS_P1_crushed_S21_R1_001.fastq.gz,1443,_1A_ITS_P1_crushed_S21_R1_001.fastq.gz
/home/jovyan/work/CCRP/MATRIX/RawData/Microbiomics/Metagenomics/sequencing_runs/seq221216_ISEQ4/_1A_ITS_P1_crushed_S21_R2_001.fastq.gz,1443,_1A_ITS_P1_crushed_S21_R2_001.fastq.gz
/home/jovyan/work/CCRP/MATRIX/RawData/Microbiomics/Metagenomics/sequencing_runs/seq221216_ISEQ4/_1A_ITS_P1_crushed_newP_S29_R1_001.fastq.gz,4358,_1A_ITS_P1_crushed_newP_S29_R1_001.fastq.gz
/home/jovyan/work/CCRP/MATRIX/RawData/Microbiomics/Metagenomics/sequencing_runs/seq221216_ISEQ4/_1A_ITS_P1_crushed_newP_S29_R2_001.fastq.gz,4358,_1A_ITS_P1_crushed_newP_S29_R2_001.fastq.gz
/home/jovyan/work/CCRP/MATRIX/RawData/Microbiomics/Metagenomics/sequencing_runs/seq221216_ISEQ4/_1B_16S_P4_crushed_S18_R1_001.fastq.gz,1749,_1B_16S_P4_crushed_S18_R1_001.fastq.gz
/home/jovyan/work/CCRP/MATRIX/RawData/Microbiomics/Metagenomics/sequencing_runs/seq221216_ISEQ4/_1B_16S_P4_crushed_S18_R2_001.fastq.gz,1749,_1B_16S_P4_crushed_S18_R2_001.fastq.gz
/home/jovyan/work/CCRP/MATRIX/RawData/Microbiomics/Metagenomics/sequencing_runs/seq221216_ISEQ4/_1B_16S_P4_crushed_newP_S26_R1_001.fastq.gz,1022,_1B_16S_P4_crushed_newP_S26_R1_001.fastq.gz
/home/jovyan/work/CCRP/MATRIX/RawData/Microbiomics/Metagenomics/sequencing_runs/seq221216_ISEQ4/_1B_16S_P4_crushed_newP_S26_R2_001.fastq.gz,1022,_1B_16S_P4_crushed_newP_S26_R2_001.fastq.gz
/home/jovyan/work/CCRP/MATRIX/RawData/Microbiomics/Metagenomics/sequencing_runs/seq221216_ISEQ4/_1B_ITS_P1_crushed_S22_R1_001.fastq.gz,1520,_1B_ITS_P1_crushed_S22_R1_001.fastq.gz
/home/jovyan/work/CCRP/MATRIX/RawData/Microbiomics/Metagenomics/sequencing_runs/seq221216_ISEQ4/_1B_ITS_P1_crushed_S22_R2_001.fastq.gz,1520,_1B_ITS_P1_crushed_S22_R2_001.fastq.gz
/home/jovyan/work/CCRP/MATRIX/RawData/Microbiomics/Metagenomics/sequencing_runs/seq221216_ISEQ4/_1B_ITS_P1_crushed_newP_S30_R1_001.fastq.gz,12534,_1B_ITS_P1_crushed_newP_S30_R1_001.fastq.gz
/home/jovyan/work/CCRP/MATRIX/RawData/Microbiomics/Metagenomics/sequencing_runs/seq221216_ISEQ4/_1B_ITS_P1_crushed_newP_S30_R2_001.fastq.gz,12534,_1B_ITS_P1_crushed_newP_S30_R2_001.fastq.gz
/home/jovyan/work/CCRP/MATRIX/RawData/Microbiomics/Metagenomics/sequencing_runs/seq221216_ISEQ4/_1C_16S_P4_crushed_S19_R1_001.fastq.gz,2056,_1C_16S_P4_crushed_S19_R1_001.fastq.gz
/home/jovyan/work/CCRP/MATRIX/RawData/Microbiomics/Metagenomics/sequencing_runs/seq221216_ISEQ4/_1C_16S_P4_crushed_S19_R2_001.fastq.gz,2056,_1C_16S_P4_crushed_S19_R2_001.fastq.gz
/home/jovyan/work/CCRP/MATRIX/RawData/Microbiomics/Metagenomics/sequencing_runs/seq221216_ISEQ4/_1C_16S_P4_crushed_newP_S27_R1_001.fastq.gz,1947,_1C_16S_P4_crushed_newP_S27_R1_001.fastq.gz
/home/jovyan/work/CCRP/MATRIX/RawData/Microbiomics/Metagenomics/sequencing_runs/seq221216_ISEQ4/_1C_16S_P4_crushed_newP_S27_R2_001.fastq.gz,1947,_1C_16S_P4_crushed_newP_S27_R2_001.fastq.gz
/home/jovyan/work/CCRP/MATRIX/RawData/Microbiomics/Metagenomics/sequencing_runs/seq221216_ISEQ4/_1C_ITS_P1_crushed_S23_R1_001.fastq.gz,1617,_1C_ITS_P1_crushed_S23_R1_001.fastq.gz
/home/jovyan/work/CCRP/MATRIX/RawData/Microbiomics/Metagenomics/sequencing_runs/seq221216_ISEQ4/_1C_ITS_P1_crushed_S23_R2_001.fastq.gz,1617,_1C_ITS_P1_crushed_S23_R2_001.fastq.gz
/home/jovyan/work/CCRP/MATRIX/RawData/Microbiomics/Metagenomics/sequencing_runs/seq221216_ISEQ4/_1C_ITS_P1_crushed_newP_S31_R1_001.fastq.gz,6403,_1C_ITS_P1_crushed_newP_S31_R1_001.fastq.gz
/home/jovyan/work/CCRP/MATRIX/RawData/Microbiomics/Metagenomics/sequencing_runs/seq221216_ISEQ4/_1C_ITS_P1_crushed_newP_S31_R2_001.fastq.gz,6403,_1C_ITS_P1_crushed_newP_S31_R2_001.fastq.gz
/home/jovyan/work/CCRP/MATRIX/RawData/Microbiomics/Metagenomics/sequencing_runs/seq221216_ISEQ4/_1D_16S_P4_crushed_S20_R1_001.fastq.gz,2819,_1D_16S_P4_crushed_S20_R1_001.fastq.gz
/home/jovyan/work/CCRP/MATRIX/RawData/Microbiomics/Metagenomics/sequencing_runs/seq221216_ISEQ4/_1D_16S_P4_crushed_S20_R2_001.fastq.gz,2819,_1D_16S_P4_crushed_S20_R2_001.fastq.gz
/home/jovyan/work/CCRP/MATRIX/RawData/Microbiomics/Metagenomics/sequencing_runs/seq221216_ISEQ4/_1D_16S_P4_crushed_newP_S28_R1_001.fastq.gz,352,_1D_16S_P4_crushed_newP_S28_R1_001.fastq.gz
/home/jovyan/work/CCRP/MATRIX/RawData/Microbiomics/Metagenomics/sequencing_runs/seq221216_ISEQ4/_1D_16S_P4_crushed_newP_S28_R2_001.fastq.gz,352,_1D_16S_P4_crushed_newP_S28_R2_001.fastq.gz
/home/jovyan/work/CCRP/MATRIX/RawData/Microbiomics/Metagenomics/sequencing_runs/seq221216_ISEQ4/_1D_ITS_P1_crushed_S24_R1_001.fastq.gz,1305,_1D_ITS_P1_crushed_S24_R1_001.fastq.gz
/home/jovyan/work/CCRP/MATRIX/RawData/Microbiomics/Metagenomics/sequencing_runs/seq221216_ISEQ4/_1D_ITS_P1_crushed_S24_R2_001.fastq.gz,1305,_1D_ITS_P1_crushed_S24_R2_001.fastq.gz
/home/jovyan/work/CCRP/MATRIX/RawData/Microbiomics/Metagenomics/sequencing_runs/seq221216_ISEQ4/_1D_ITS_P1_crushed_newP_S32_R1_001.fastq.gz,24587,_1D_ITS_P1_crushed_newP_S32_R1_001.fastq.gz
/home/jovyan/work/CCRP/MATRIX/RawData/Microbiomics/Metagenomics/sequencing_runs/seq221216_ISEQ4/_1D_ITS_P1_crushed_newP_S32_R2_001.fastq.gz,24587,_1D_ITS_P1_crushed_newP_S32_R2_001.fastq.gz
/home/jovyan/work/CCRP/MATRIX/RawData/Microbiomics/Metagenomics/sequencing_runs/seq230315_PF2CP/Undetermined_S0_L001_R1_001.fastq.gz,291922929,Undetermined_S0_L001_R1_001.fastq.gz
/home/jovyan/work/CCRP/MATRIX/RawData/Microbiomics/Metagenomics/sequencing_runs/seq230315_PF2CP/Undetermined_S0_L001_R2_001.fastq.gz,291922929,Undetermined_S0_L001_R2_001.fastq.gz
/home/jovyan/work/CCRP/MATRIX/RawData/Microbiomics/Metagenomics/sequencing_runs/seq230315_PF2CP/Undetermined_S0_L002_R1_001.fastq.gz,292745211,Undetermined_S0_L002_R1_001.fastq.gz
/home/jovyan/work/CCRP/MATRIX/RawData/Microbiomics/Metagenomics/sequencing_runs/seq230315_PF2CP/Undetermined_S0_L002_R2_001.fastq.gz,292745211,Undetermined_S0_L002_R2_001.fastq.gz
/home/jovyan/work/CCRP/MATRIX/RawData/Microbiomics/Metagenomics/sequencing_runs/seq230315_PF2CP/Undetermined_S0_L003_R1_001.fastq.gz,271126251,Undetermined_S0_L003_R1_001.fastq.gz
/home/jovyan/work/CCRP/MATRIX/RawData/Microbiomics/Metagenomics/sequencing_runs/seq230315_PF2CP/Undetermined_S0_L003_R2_001.fastq.gz,271126251,Undetermined_S0_L003_R2_001.fastq.gz
/home/jovyan/work/CCRP/MATRIX/RawData/Microbiomics/Metagenomics/sequencing_runs/seq230315_PF2CP/Undetermined_S0_L004_R1_001.fastq.gz,267033189,Undetermined_S0_L004_R1_001.fastq.gz
/home/jovyan/work/CCRP/MATRIX/RawData/Microbiomics/Metagenomics/sequencing_runs/seq230315_PF2CP/Undetermined_S0_L004_R2_001.fastq.gz,267033189,Undetermined_S0_L004_R2_001.fastq.gz
/home/jovyan/work/CCRP/MATRIX/RawData/Microbiomics/Metagenomics/sequencing_runs/seq230526_LQJXR/Undetermined_S0_L001_R1_001.fastq.gz,278924169,Undetermined_S0_L001_R1_001.fastq.gz
/home/jovyan/work/CCRP/MATRIX/RawData/Microbiomics/Metagenomics/sequencing_runs/seq230526_LQJXR/Undetermined_S0_L001_R2_001.fastq.gz,278924169,Undetermined_S0_L001_R2_001.fastq.gz
/home/jovyan/work/CCRP/MATRIX/RawData/Microbiomics/Metagenomics/sequencing_runs/seq230526_LQJXR/Undetermined_S0_L002_R1_001.fastq.gz,283843546,Undetermined_S0_L002_R1_001.fastq.gz
/home/jovyan/work/CCRP/MATRIX/RawData/Microbiomics/Metagenomics/sequencing_runs/seq230526_LQJXR/Undetermined_S0_L002_R2_001.fastq.gz,283843546,Undetermined_S0_L002_R2_001.fastq.gz
/home/jovyan/work/CCRP/MATRIX/RawData/Microbiomics/Metagenomics/sequencing_runs/seq230526_LQJXR/Undetermined_S0_L003_R1_001.fastq.gz,283923516,Undetermined_S0_L003_R1_001.fastq.gz
/home/jovyan/work/CCRP/MATRIX/RawData/Microbiomics/Metagenomics/sequencing_runs/seq230526_LQJXR/Undetermined_S0_L003_R2_001.fastq.gz,283923516,Undetermined_S0_L003_R2_001.fastq.gz
/home/jovyan/work/CCRP/MATRIX/RawData/Microbiomics/Metagenomics/sequencing_runs/seq230526_LQJXR/Undetermined_S0_L004_R1_001.fastq.gz,287312280,Undetermined_S0_L004_R1_001.fastq.gz
/home/jovyan/work/CCRP/MATRIX/RawData/Microbiomics/Metagenomics/sequencing_runs/seq230526_LQJXR/Undetermined_S0_L004_R2_001.fastq.gz,287312280,Undetermined_S0_L004_R2_001.fastq.gz
/home/jovyan/work/CCRP/MATRIX/RawData/Microbiomics/Metagenomics/sequencing_runs/seq231107_RISO1/Undetermined_S0_L001_R1_001.fastq.gz,6342383,Undetermined_S0_L001_R1_001.fastq.gz
/home/jovyan/work/CCRP/MATRIX/RawData/Microbiomics/Metagenomics/sequencing_runs/seq231107_RISO1/Undetermined_S0_L001_R2_001.fastq.gz,6342383,Undetermined_S0_L001_R2_001.fastq.gz
/home/jovyan/work/CCRP/MATRIX/RawData/Microbiomics/Metagenomics/sequencing_runs/seq231107_RISO1/washed-1-R-040722-s-24G_S145_L001_R1_001.fastq.gz,1074632,washed-1-R-040722-s-24G_S145_L001_R1_001.fastq.gz
/home/jovyan/work/CCRP/MATRIX/RawData/Microbiomics/Metagenomics/sequencing_runs/seq231107_RISO1/washed-1-R-040722-s-24G_S145_L001_R2_001.fastq.gz,1074632,washed-1-R-040722-s-24G_S145_L001_R2_001.fastq.gz
/home/jovyan/work/CCRP/MATRIX/RawData/Microbiomics/Metagenomics/sequencing_runs/seq231107_RISO1/washed-1-S-240622-16S-w-10-1_S291_L001_R1_001.fastq.gz,63335,washed-1-S-240622-16S-w-10-1_S291_L001_R1_001.fastq.gz
/home/jovyan/work/CCRP/MATRIX/RawData/Microbiomics/Metagenomics/sequencing_runs/seq231107_RISO1/washed-1-S-240622-16S-w-10-1_S291_L001_R2_001.fastq.gz,63335,washed-1-S-240622-16S-w-10-1_S291_L001_R2_001.fastq.gz
/home/jovyan/work/CCRP/MATRIX/RawData/Microbiomics/Metagenomics/sequencing_runs/seq231107_RISO1/washed-1-S-240622-16S-w-10-2_S292_L001_R1_001.fastq.gz,57636,washed-1-S-240622-16S-w-10-2_S292_L001_R1_001.fastq.gz
/home/jovyan/work/CCRP/MATRIX/RawData/Microbiomics/Metagenomics/sequencing_runs/seq231107_RISO1/washed-1-S-240622-16S-w-10-2_S292_L001_R2_001.fastq.gz,57636,washed-1-S-240622-16S-w-10-2_S292_L001_R2_001.fastq.gz
/home/jovyan/work/CCRP/MATRIX/RawData/Microbiomics/Metagenomics/sequencing_runs/seq231107_RISO1/washed-1-S-240622-16S-w-10-3_S293_L001_R1_001.fastq.gz,54394,washed-1-S-240622-16S-w-10-3_S293_L001_R1_001.fastq.gz
/home/jovyan/work/CCRP/MATRIX/RawData/Microbiomics/Metagenomics/sequencing_runs/seq231107_RISO1/washed-1-S-240622-16S-w-10-3_S293_L001_R2_001.fastq.gz,54394,washed-1-S-240622-16S-w-10-3_S293_L001_R2_001.fastq.gz
/home/jovyan/work/CCRP/MATRIX/RawData/Microbiomics/Metagenomics/sequencing_runs/seq231107_RISO1/washed-1-S-240622-16S-w-10-4_S294_L001_R1_001.fastq.gz,82002,washed-1-S-240622-16S-w-10-4_S294_L001_R1_001.fastq.gz
/home/jovyan/work/CCRP/MATRIX/RawData/Microbiomics/Metagenomics/sequencing_runs/seq231107_RISO1/washed-1-S-240622-16S-w-10-4_S294_L001_R2_001.fastq.gz,82002,washed-1-S-240622-16S-w-10-4_S294_L001_R2_001.fastq.gz
/home/jovyan/work/CCRP/MATRIX/RawData/Microbiomics/Metagenomics/sequencing_runs/seq231107_RISO1/washed-1-S-240622-16S-w-11-2_S295_L001_R1_001.fastq.gz,73389,washed-1-S-240622-16S-w-11-2_S295_L001_R1_001.fastq.gz
/home/jovyan/work/CCRP/MATRIX/RawData/Microbiomics/Metagenomics/sequencing_runs/seq231107_RISO1/washed-1-S-240622-16S-w-11-2_S295_L001_R2_001.fastq.gz,73389,washed-1-S-240622-16S-w-11-2_S295_L001_R2_001.fastq.gz
/home/jovyan/work/CCRP/MATRIX/RawData/Microbiomics/Metagenomics/sequencing_runs/seq231107_RISO1/washed-1-S-240622-16S-w-11-3_S296_L001_R1_001.fastq.gz,72480,washed-1-S-240622-16S-w-11-3_S296_L001_R1_001.fastq.gz
/home/jovyan/work/CCRP/MATRIX/RawData/Microbiomics/Metagenomics/sequencing_runs/seq231107_RISO1/washed-1-S-240622-16S-w-11-3_S296_L001_R2_001.fastq.gz,72480,washed-1-S-240622-16S-w-11-3_S296_L001_R2_001.fastq.gz
/home/jovyan/work/CCRP/MATRIX/RawData/Microbiomics/Metagenomics/sequencing_runs/seq231107_RISO1/washed-1-S-240622-16S-w-11-4_S297_L001_R1_001.fastq.gz,60051,washed-1-S-240622-16S-w-11-4_S297_L001_R1_001.fastq.gz
/home/jovyan/work/CCRP/MATRIX/RawData/Microbiomics/Metagenomics/sequencing_runs/seq231107_RISO1/washed-1-S-240622-16S-w-11-4_S297_L001_R2_001.fastq.gz,60051,washed-1-S-240622-16S-w-11-4_S297_L001_R2_001.fastq.gz
/home/jovyan/work/CCRP/MATRIX/RawData/Microbiomics/Metagenomics/sequencing_runs/seq231107_RISO1/washed-1-S-240622-16S-w-11-5_S298_L001_R1_001.fastq.gz,70215,washed-1-S-240622-16S-w-11-5_S298_L001_R1_001.fastq.gz
/home/jovyan/work/CCRP/MATRIX/RawData/Microbiomics/Metagenomics/sequencing_runs/seq231107_RISO1/washed-1-S-240622-16S-w-11-5_S298_L001_R2_001.fastq.gz,70215,washed-1-S-240622-16S-w-11-5_S298_L001_R2_001.fastq.gz
/home/jovyan/work/CCRP/MATRIX/RawData/Microbiomics/Metagenomics/sequencing_runs/seq231107_RISO1/washed-1-S-240622-16S-w-11-6_S299_L001_R1_001.fastq.gz,59454,washed-1-S-240622-16S-w-11-6_S299_L001_R1_001.fastq.gz
/home/jovyan/work/CCRP/MATRIX/RawData/Microbiomics/Metagenomics/sequencing_runs/seq231107_RISO1/washed-1-S-240622-16S-w-11-6_S299_L001_R2_001.fastq.gz,59454,washed-1-S-240622-16S-w-11-6_S299_L001_R2_001.fastq.gz
/home/jovyan/work/CCRP/MATRIX/RawData/Microbiomics/Metagenomics/sequencing_runs/seq231107_RISO1/washed-1-S-240622-16S-w-11-7_S300_L001_R1_001.fastq.gz,65092,washed-1-S-240622-16S-w-11-7_S300_L001_R1_001.fastq.gz
/home/jovyan/work/CCRP/MATRIX/RawData/Microbiomics/Metagenomics/sequencing_runs/seq231107_RISO1/washed-1-S-240622-16S-w-11-7_S300_L001_R2_001.fastq.gz,65092,washed-1-S-240622-16S-w-11-7_S300_L001_R2_001.fastq.gz
/home/jovyan/work/CCRP/MATRIX/RawData/Microbiomics/Metagenomics/sequencing_runs/seq231107_RISO1/washed-1-S-240622-16S-w-12-1_S301_L001_R1_001.fastq.gz,72032,washed-1-S-240622-16S-w-12-1_S301_L001_R1_001.fastq.gz
/home/jovyan/work/CCRP/MATRIX/RawData/Microbiomics/Metagenomics/sequencing_runs/seq231107_RISO1/washed-1-S-240622-16S-w-12-1_S301_L001_R2_001.fastq.gz,72032,washed-1-S-240622-16S-w-12-1_S301_L001_R2_001.fastq.gz
/home/jovyan/work/CCRP/MATRIX/RawData/Microbiomics/Metagenomics/sequencing_runs/seq231107_RISO1/washed-1-S-240622-16S-w-12-2_S302_L001_R1_001.fastq.gz,76889,washed-1-S-240622-16S-w-12-2_S302_L001_R1_001.fastq.gz
/home/jovyan/work/CCRP/MATRIX/RawData/Microbiomics/Metagenomics/sequencing_runs/seq231107_RISO1/washed-1-S-240622-16S-w-12-2_S302_L001_R2_001.fastq.gz,76889,washed-1-S-240622-16S-w-12-2_S302_L001_R2_001.fastq.gz
/home/jovyan/work/CCRP/MATRIX/RawData/Microbiomics/Metagenomics/sequencing_runs/seq231107_RISO1/washed-1-S-240622-16S-w-12-3_S303_L001_R1_001.fastq.gz,85011,washed-1-S-240622-16S-w-12-3_S303_L001_R1_001.fastq.gz
/home/jovyan/work/CCRP/MATRIX/RawData/Microbiomics/Metagenomics/sequencing_runs/seq231107_RISO1/washed-1-S-240622-16S-w-12-3_S303_L001_R2_001.fastq.gz,85011,washed-1-S-240622-16S-w-12-3_S303_L001_R2_001.fastq.gz
/home/jovyan/work/CCRP/MATRIX/RawData/Microbiomics/Metagenomics/sequencing_runs/seq231107_RISO1/washed-1-S-240622-16S-w-12-4_S304_L001_R1_001.fastq.gz,722,washed-1-S-240622-16S-w-12-4_S304_L001_R1_001.fastq.gz
/home/jovyan/work/CCRP/MATRIX/RawData/Microbiomics/Metagenomics/sequencing_runs/seq231107_RISO1/washed-1-S-240622-16S-w-12-4_S304_L001_R2_001.fastq.gz,722,washed-1-S-240622-16S-w-12-4_S304_L001_R2_001.fastq.gz
/home/jovyan/work/CCRP/MATRIX/RawData/Microbiomics/Metagenomics/sequencing_runs/seq231107_RISO1/washed-1-S-240622-16S-w-12-5_S305_L001_R1_001.fastq.gz,845,washed-1-S-240622-16S-w-12-5_S305_L001_R1_001.fastq.gz
/home/jovyan/work/CCRP/MATRIX/RawData/Microbiomics/Metagenomics/sequencing_runs/seq231107_RISO1/washed-1-S-240622-16S-w-12-5_S305_L001_R2_001.fastq.gz,845,washed-1-S-240622-16S-w-12-5_S305_L001_R2_001.fastq.gz
/home/jovyan/work/CCRP/MATRIX/RawData/Microbiomics/Metagenomics/sequencing_runs/seq231107_RISO1/washed-1-S-240622-16S-w-12-6_S306_L001_R1_001.fastq.gz,699,washed-1-S-240622-16S-w-12-6_S306_L001_R1_001.fastq.gz
/home/jovyan/work/CCRP/MATRIX/RawData/Microbiomics/Metagenomics/sequencing_runs/seq231107_RISO1/washed-1-S-240622-16S-w-12-6_S306_L001_R2_001.fastq.gz,699,washed-1-S-240622-16S-w-12-6_S306_L001_R2_001.fastq.gz
/home/jovyan/work/CCRP/MATRIX/RawData/Microbiomics/Metagenomics/sequencing_runs/seq231107_RISO1/washed-1-S-240622-16S-w-12-7_S307_L001_R1_001.fastq.gz,1230,washed-1-S-240622-16S-w-12-7_S307_L001_R1_001.fastq.gz
/home/jovyan/work/CCRP/MATRIX/RawData/Microbiomics/Metagenomics/sequencing_runs/seq231107_RISO1/washed-1-S-240622-16S-w-12-7_S307_L001_R2_001.fastq.gz,1230,washed-1-S-240622-16S-w-12-7_S307_L001_R2_001.fastq.gz
/home/jovyan/work/CCRP/MATRIX/RawData/Microbiomics/Metagenomics/sequencing_runs/seq231107_RISO1/washed-1-S-240622-16S-w-6-6_S280_L001_R1_001.fastq.gz,55171,washed-1-S-240622-16S-w-6-6_S280_L001_R1_001.fastq.gz
/home/jovyan/work/CCRP/MATRIX/RawData/Microbiomics/Metagenomics/sequencing_runs/seq231107_RISO1/washed-1-S-240622-16S-w-6-6_S280_L001_R2_001.fastq.gz,55171,washed-1-S-240622-16S-w-6-6_S280_L001_R2_001.fastq.gz
/home/jovyan/work/CCRP/MATRIX/RawData/Microbiomics/Metagenomics/sequencing_runs/seq231107_RISO1/washed-1-S-240622-16S-w-6-7_S281_L001_R1_001.fastq.gz,62439,washed-1-S-240622-16S-w-6-7_S281_L001_R1_001.fastq.gz
/home/jovyan/work/CCRP/MATRIX/RawData/Microbiomics/Metagenomics/sequencing_runs/seq231107_RISO1/washed-1-S-240622-16S-w-6-7_S281_L001_R2_001.fastq.gz,62439,washed-1-S-240622-16S-w-6-7_S281_L001_R2_001.fastq.gz
/home/jovyan/work/CCRP/MATRIX/RawData/Microbiomics/Metagenomics/sequencing_runs/seq231107_RISO1/washed-1-S-240622-16S-w-7-1_S282_L001_R1_001.fastq.gz,57275,washed-1-S-240622-16S-w-7-1_S282_L001_R1_001.fastq.gz
/home/jovyan/work/CCRP/MATRIX/RawData/Microbiomics/Metagenomics/sequencing_runs/seq231107_RISO1/washed-1-S-240622-16S-w-7-1_S282_L001_R2_001.fastq.gz,57275,washed-1-S-240622-16S-w-7-1_S282_L001_R2_001.fastq.gz
/home/jovyan/work/CCRP/MATRIX/RawData/Microbiomics/Metagenomics/sequencing_runs/seq231107_RISO1/washed-1-S-240622-16S-w-7-6_S283_L001_R1_001.fastq.gz,53908,washed-1-S-240622-16S-w-7-6_S283_L001_R1_001.fastq.gz
/home/jovyan/work/CCRP/MATRIX/RawData/Microbiomics/Metagenomics/sequencing_runs/seq231107_RISO1/washed-1-S-240622-16S-w-7-6_S283_L001_R2_001.fastq.gz,53908,washed-1-S-240622-16S-w-7-6_S283_L001_R2_001.fastq.gz
/home/jovyan/work/CCRP/MATRIX/RawData/Microbiomics/Metagenomics/sequencing_runs/seq231107_RISO1/washed-1-S-240622-16S-w-7-7_S284_L001_R1_001.fastq.gz,53541,washed-1-S-240622-16S-w-7-7_S284_L001_R1_001.fastq.gz
/home/jovyan/work/CCRP/MATRIX/RawData/Microbiomics/Metagenomics/sequencing_runs/seq231107_RISO1/washed-1-S-240622-16S-w-7-7_S284_L001_R2_001.fastq.gz,53541,washed-1-S-240622-16S-w-7-7_S284_L001_R2_001.fastq.gz
/home/jovyan/work/CCRP/MATRIX/RawData/Microbiomics/Metagenomics/sequencing_runs/seq231107_RISO1/washed-1-S-240622-16S-w-8-1_S285_L001_R1_001.fastq.gz,58615,washed-1-S-240622-16S-w-8-1_S285_L001_R1_001.fastq.gz
/home/jovyan/work/CCRP/MATRIX/RawData/Microbiomics/Metagenomics/sequencing_runs/seq231107_RISO1/washed-1-S-240622-16S-w-8-1_S285_L001_R2_001.fastq.gz,58615,washed-1-S-240622-16S-w-8-1_S285_L001_R2_001.fastq.gz
/home/jovyan/work/CCRP/MATRIX/RawData/Microbiomics/Metagenomics/sequencing_runs/seq231107_RISO1/washed-1-S-240622-16S-w-8-2_S286_L001_R1_001.fastq.gz,62215,washed-1-S-240622-16S-w-8-2_S286_L001_R1_001.fastq.gz
/home/jovyan/work/CCRP/MATRIX/RawData/Microbiomics/Metagenomics/sequencing_runs/seq231107_RISO1/washed-1-S-240622-16S-w-8-2_S286_L001_R2_001.fastq.gz,62215,washed-1-S-240622-16S-w-8-2_S286_L001_R2_001.fastq.gz
/home/jovyan/work/CCRP/MATRIX/RawData/Microbiomics/Metagenomics/sequencing_runs/seq231107_RISO1/washed-1-S-240622-16S-w-8-7_S287_L001_R1_001.fastq.gz,72530,washed-1-S-240622-16S-w-8-7_S287_L001_R1_001.fastq.gz
/home/jovyan/work/CCRP/MATRIX/RawData/Microbiomics/Metagenomics/sequencing_runs/seq231107_RISO1/washed-1-S-240622-16S-w-8-7_S287_L001_R2_001.fastq.gz,72530,washed-1-S-240622-16S-w-8-7_S287_L001_R2_001.fastq.gz
/home/jovyan/work/CCRP/MATRIX/RawData/Microbiomics/Metagenomics/sequencing_runs/seq231107_RISO1/washed-1-S-240622-16S-w-9-1_S288_L001_R1_001.fastq.gz,77260,washed-1-S-240622-16S-w-9-1_S288_L001_R1_001.fastq.gz
/home/jovyan/work/CCRP/MATRIX/RawData/Microbiomics/Metagenomics/sequencing_runs/seq231107_RISO1/washed-1-S-240622-16S-w-9-1_S288_L001_R2_001.fastq.gz,77260,washed-1-S-240622-16S-w-9-1_S288_L001_R2_001.fastq.gz
/home/jovyan/work/CCRP/MATRIX/RawData/Microbiomics/Metagenomics/sequencing_runs/seq231107_RISO1/washed-1-S-240622-16S-w-9-2_S289_L001_R1_001.fastq.gz,73697,washed-1-S-240622-16S-w-9-2_S289_L001_R1_001.fastq.gz
/home/jovyan/work/CCRP/MATRIX/RawData/Microbiomics/Metagenomics/sequencing_runs/seq231107_RISO1/washed-1-S-240622-16S-w-9-2_S289_L001_R2_001.fastq.gz,73697,washed-1-S-240622-16S-w-9-2_S289_L001_R2_001.fastq.gz
/home/jovyan/work/CCRP/MATRIX/RawData/Microbiomics/Metagenomics/sequencing_runs/seq231107_RISO1/washed-1-S-240622-16S-w-9-3_S290_L001_R1_001.fastq.gz,64909,washed-1-S-240622-16S-w-9-3_S290_L001_R1_001.fastq.gz
/home/jovyan/work/CCRP/MATRIX/RawData/Microbiomics/Metagenomics/sequencing_runs/seq231107_RISO1/washed-1-S-240622-16S-w-9-3_S290_L001_R2_001.fastq.gz,64909,washed-1-S-240622-16S-w-9-3_S290_L001_R2_001.fastq.gz
/home/jovyan/work/CCRP/MATRIX/RawData/Microbiomics/Metagenomics/sequencing_runs/seq231206_RISO2/Washed_R-210622-16S-w-E5_S83_L001_R1_001.fastq.gz,217778,Washed_R-210622-16S-w-E5_S83_L001_R1_001.fastq.gz
/home/jovyan/work/CCRP/MATRIX/RawData/Microbiomics/Metagenomics/sequencing_runs/seq231206_RISO2/Washed_R-210622-16S-w-E5_S83_L001_R2_001.fastq.gz,217778,Washed_R-210622-16S-w-E5_S83_L001_R2_001.fastq.gz
/home/jovyan/work/CCRP/MATRIX/RawData/Microbiomics/Metagenomics/sequencing_runs/seq240209_KSVAZ/A-230622-ITS-w-22-1_S56_L001_R1_001.fastq.gz,61175,A-230622-ITS-w-22-1_S56_L001_R1_001.fastq.gz
/home/jovyan/work/CCRP/MATRIX/RawData/Microbiomics/Metagenomics/sequencing_runs/seq240209_KSVAZ/A-230622-ITS-w-22-1_S56_L001_R2_001.fastq.gz,61175,A-230622-ITS-w-22-1_S56_L001_R2_001.fastq.gz
/home/jovyan/work/CCRP/MATRIX/RawData/Microbiomics/Metagenomics/sequencing_runs/seq240209_KSVAZ/H-200622-16S-w-22-1_S33_L001_R1_001.fastq.gz,51877,H-200622-16S-w-22-1_S33_L001_R1_001.fastq.gz
/home/jovyan/work/CCRP/MATRIX/RawData/Microbiomics/Metagenomics/sequencing_runs/seq240209_KSVAZ/H-200622-16S-w-22-1_S33_L001_R2_001.fastq.gz,51877,H-200622-16S-w-22-1_S33_L001_R2_001.fastq.gz
/home/jovyan/work/CCRP/MATRIX/RawData/Microbiomics/Metagenomics/sequencing_runs/seq240209_KSVAZ/R-210622-w-7-2_S153_L001_R1_001.fastq.gz,26041,R-210622-w-7-2_S153_L001_R1_001.fastq.gz
/home/jovyan/work/CCRP/MATRIX/RawData/Microbiomics/Metagenomics/sequencing_runs/seq240209_KSVAZ/R-210622-w-7-2_S153_L001_R2_001.fastq.gz,26041,R-210622-w-7-2_S153_L001_R2_001.fastq.gz
/home/jovyan/work/CCRP/MATRIX/RawData/Microbiomics/Metagenomics/sequencing_runs/seq240209_KSVAZ/R-210622-w-8-3_S157_L001_R1_001.fastq.gz,30589,R-210622-w-8-3_S157_L001_R1_001.fastq.gz
/home/jovyan/work/CCRP/MATRIX/RawData/Microbiomics/Metagenomics/sequencing_runs/seq240209_KSVAZ/R-210622-w-8-3_S157_L001_R2_001.fastq.gz,30589,R-210622-w-8-3_S157_L001_R2_001.fastq.gz
/home/jovyan/work/CCRP/MATRIX/RawData/Microbiomics/Metagenomics/sequencing_runs/seq240209_KSVAZ/R-210622-w-9-8_S161_L001_R1_001.fastq.gz,36144,R-210622-w-9-8_S161_L001_R1_001.fastq.gz
/home/jovyan/work/CCRP/MATRIX/RawData/Microbiomics/Metagenomics/sequencing_runs/seq240209_KSVAZ/R-210622-w-9-8_S161_L001_R2_001.fastq.gz,36144,R-210622-w-9-8_S161_L001_R2_001.fastq.gz
/home/jovyan/work/CCRP/MATRIX/RawData/Microbiomics/Metagenomics/sequencing_runs/seq240209_KSVAZ/T-270623-s-98E_S176_L001_R1_001.fastq.gz,483145,T-270623-s-98E_S176_L001_R1_001.fastq.gz
/home/jovyan/work/CCRP/MATRIX/RawData/Microbiomics/Metagenomics/sequencing_runs/seq240209_KSVAZ/T-270623-s-98E_S176_L001_R2_001.fastq.gz,483145,T-270623-s-98E_S176_L001_R2_001.fastq.gz
/home/jovyan/work/CCRP/MATRIX/RawData/Microbiomics/Metagenomics/sequencing_runs/seq240222_RQS8X/NM11-3540-B1_S171_L001_R1_001.fastq.gz,45,NM11-3540-B1_S171_L001_R1_001.fastq.gz
/home/jovyan/work/CCRP/MATRIX/RawData/Microbiomics/Metagenomics/sequencing_runs/seq240222_RQS8X/NM11-3540-B1_S171_L001_R2_001.fastq.gz,45,NM11-3540-B1_S171_L001_R2_001.fastq.gz
/home/jovyan/work/CCRP/MATRIX/RawData/Microbiomics/Metagenomics/sequencing_runs/seq240222_RQS8X/NM13-2845-C1_S173_L001_R1_001.fastq.gz,1,NM13-2845-C1_S173_L001_R1_001.fastq.gz
/home/jovyan/work/CCRP/MATRIX/RawData/Microbiomics/Metagenomics/sequencing_runs/seq240222_RQS8X/NM13-2845-C1_S173_L001_R2_001.fastq.gz,1,NM13-2845-C1_S173_L001_R2_001.fastq.gz
/home/jovyan/work/CCRP/MATRIX/RawData/Microbiomics/Metagenomics/sequencing_runs/seq240222_RQS8X/NM3-2845-B_S163_L001_R1_001.fastq.gz,26,NM3-2845-B_S163_L001_R1_001.fastq.gz
/home/jovyan/work/CCRP/MATRIX/RawData/Microbiomics/Metagenomics/sequencing_runs/seq240222_RQS8X/NM3-2845-B_S163_L001_R2_001.fastq.gz,26,NM3-2845-B_S163_L001_R2_001.fastq.gz
/home/jovyan/work/CCRP/MATRIX/RawData/Microbiomics/Metagenomics/sequencing_runs/seq240222_RQS8X/NM7-2757-B1-2_S167_L001_R1_001.fastq.gz,2,NM7-2757-B1-2_S167_L001_R1_001.fastq.gz
/home/jovyan/work/CCRP/MATRIX/RawData/Microbiomics/Metagenomics/sequencing_runs/seq240222_RQS8X/NM7-2757-B1-2_S167_L001_R2_001.fastq.gz,2,NM7-2757-B1-2_S167_L001_R2_001.fastq.gz
/home/jovyan/work/CCRP/MATRIX/RawData/Microbiomics/Metagenomics/sequencing_runs/seq240424_T6U6R/A-230622-16S-c-51-3_S175_L001_R1_001.fastq.gz,0,A-230622-16S-c-51-3_S175_L001_R1_001.fastq.gz
/home/jovyan/work/CCRP/MATRIX/RawData/Microbiomics/Metagenomics/sequencing_runs/seq240424_T6U6R/A-230622-16S-c-51-3_S175_L001_R2_001.fastq.gz,0,A-230622-16S-c-51-3_S175_L001_R2_001.fastq.gz
/home/jovyan/work/CCRP/MATRIX/RawData/Microbiomics/Metagenomics/sequencing_runs/seq240424_T6U6R/A-230622-16S-c-51-4_S176_L001_R1_001.fastq.gz,0,A-230622-16S-c-51-4_S176_L001_R1_001.fastq.gz
/home/jovyan/work/CCRP/MATRIX/RawData/Microbiomics/Metagenomics/sequencing_runs/seq240424_T6U6R/A-230622-16S-c-51-4_S176_L001_R2_001.fastq.gz,0,A-230622-16S-c-51-4_S176_L001_R2_001.fastq.gz
/home/jovyan/work/CCRP/MATRIX/RawData/Microbiomics/Metagenomics/sequencing_runs/seq240424_T6U6R/A-230622-16S-c-51-5_S177_L001_R1_001.fastq.gz,0,A-230622-16S-c-51-5_S177_L001_R1_001.fastq.gz
/home/jovyan/work/CCRP/MATRIX/RawData/Microbiomics/Metagenomics/sequencing_runs/seq240424_T6U6R/A-230622-16S-c-51-5_S177_L001_R2_001.fastq.gz,0,A-230622-16S-c-51-5_S177_L001_R2_001.fastq.gz
/home/jovyan/work/CCRP/MATRIX/RawData/Microbiomics/Metagenomics/sequencing_runs/seq240424_T6U6R/A-230622-16S-c-51-6_S178_L001_R1_001.fastq.gz,0,A-230622-16S-c-51-6_S178_L001_R1_001.fastq.gz
/home/jovyan/work/CCRP/MATRIX/RawData/Microbiomics/Metagenomics/sequencing_runs/seq240424_T6U6R/A-230622-16S-c-51-6_S178_L001_R2_001.fastq.gz,0,A-230622-16S-c-51-6_S178_L001_R2_001.fastq.gz
/home/jovyan/work/CCRP/MATRIX/RawData/Microbiomics/Metagenomics/sequencing_runs/seq240424_T6U6R/A-230622-16S-c-51-7_S179_L001_R1_001.fastq.gz,0,A-230622-16S-c-51-7_S179_L001_R1_001.fastq.gz
/home/jovyan/work/CCRP/MATRIX/RawData/Microbiomics/Metagenomics/sequencing_runs/seq240424_T6U6R/A-230622-16S-c-51-7_S179_L001_R2_001.fastq.gz,0,A-230622-16S-c-51-7_S179_L001_R2_001.fastq.gz
/home/jovyan/work/CCRP/MATRIX/RawData/Microbiomics/Metagenomics/sequencing_runs/seq240424_T6U6R/A-230622-16S-c-52_S180_L001_R1_001.fastq.gz,0,A-230622-16S-c-52_S180_L001_R1_001.fastq.gz
/home/jovyan/work/CCRP/MATRIX/RawData/Microbiomics/Metagenomics/sequencing_runs/seq240424_T6U6R/A-230622-16S-c-52_S180_L001_R2_001.fastq.gz,0,A-230622-16S-c-52_S180_L001_R2_001.fastq.gz
/home/jovyan/work/CCRP/MATRIX/RawData/Microbiomics/Metagenomics/sequencing_runs/seq240424_T6U6R/A-230622-16S-c-53_S181_L001_R1_001.fastq.gz,0,A-230622-16S-c-53_S181_L001_R1_001.fastq.gz
/home/jovyan/work/CCRP/MATRIX/RawData/Microbiomics/Metagenomics/sequencing_runs/seq240424_T6U6R/A-230622-16S-c-53_S181_L001_R2_001.fastq.gz,0,A-230622-16S-c-53_S181_L001_R2_001.fastq.gz
/home/jovyan/work/CCRP/MATRIX/RawData/Microbiomics/Metagenomics/sequencing_runs/seq240424_T6U6R/A-230622-16S-c-54_S182_L001_R1_001.fastq.gz,0,A-230622-16S-c-54_S182_L001_R1_001.fastq.gz
/home/jovyan/work/CCRP/MATRIX/RawData/Microbiomics/Metagenomics/sequencing_runs/seq240424_T6U6R/A-230622-16S-c-54_S182_L001_R2_001.fastq.gz,0,A-230622-16S-c-54_S182_L001_R2_001.fastq.gz
/home/jovyan/work/CCRP/MATRIX/RawData/Microbiomics/Metagenomics/sequencing_runs/seq240424_T6U6R/A-230622-16S-c-55_S183_L001_R1_001.fastq.gz,0,A-230622-16S-c-55_S183_L001_R1_001.fastq.gz
/home/jovyan/work/CCRP/MATRIX/RawData/Microbiomics/Metagenomics/sequencing_runs/seq240424_T6U6R/A-230622-16S-c-55_S183_L001_R2_001.fastq.gz,0,A-230622-16S-c-55_S183_L001_R2_001.fastq.gz
/home/jovyan/work/CCRP/MATRIX/RawData/Microbiomics/Metagenomics/sequencing_runs/seq240424_T6U6R/A-230622-16S-c-56_S184_L001_R1_001.fastq.gz,0,A-230622-16S-c-56_S184_L001_R1_001.fastq.gz
/home/jovyan/work/CCRP/MATRIX/RawData/Microbiomics/Metagenomics/sequencing_runs/seq240424_T6U6R/A-230622-16S-c-56_S184_L001_R2_001.fastq.gz,0,A-230622-16S-c-56_S184_L001_R2_001.fastq.gz
/home/jovyan/work/CCRP/MATRIX/RawData/Microbiomics/Metagenomics/sequencing_runs/seq240424_T6U6R/A-230622-16S-c-57_S185_L001_R1_001.fastq.gz,0,A-230622-16S-c-57_S185_L001_R1_001.fastq.gz
/home/jovyan/work/CCRP/MATRIX/RawData/Microbiomics/Metagenomics/sequencing_runs/seq240424_T6U6R/A-230622-16S-c-57_S185_L001_R2_001.fastq.gz,0,A-230622-16S-c-57_S185_L001_R2_001.fastq.gz
/home/jovyan/work/CCRP/MATRIX/RawData/Microbiomics/Metagenomics/sequencing_runs/seq240424_T6U6R/A-230622-16S-c-58-1_S186_L001_R1_001.fastq.gz,0,A-230622-16S-c-58-1_S186_L001_R1_001.fastq.gz
/home/jovyan/work/CCRP/MATRIX/RawData/Microbiomics/Metagenomics/sequencing_runs/seq240424_T6U6R/A-230622-16S-c-58-1_S186_L001_R2_001.fastq.gz,0,A-230622-16S-c-58-1_S186_L001_R2_001.fastq.gz
/home/jovyan/work/CCRP/MATRIX/RawData/Microbiomics/Metagenomics/sequencing_runs/seq240424_T6U6R/A-230622-16S-c-58-2_S187_L001_R1_001.fastq.gz,0,A-230622-16S-c-58-2_S187_L001_R1_001.fastq.gz
/home/jovyan/work/CCRP/MATRIX/RawData/Microbiomics/Metagenomics/sequencing_runs/seq240424_T6U6R/A-230622-16S-c-58-2_S187_L001_R2_001.fastq.gz,0,A-230622-16S-c-58-2_S187_L001_R2_001.fastq.gz
/home/jovyan/work/CCRP/MATRIX/RawData/Microbiomics/Metagenomics/sequencing_runs/seq240424_T6U6R/A-230622-16S-c-58-3_S188_L001_R1_001.fastq.gz,0,A-230622-16S-c-58-3_S188_L001_R1_001.fastq.gz
/home/jovyan/work/CCRP/MATRIX/RawData/Microbiomics/Metagenomics/sequencing_runs/seq240424_T6U6R/A-230622-16S-c-58-3_S188_L001_R2_001.fastq.gz,0,A-230622-16S-c-58-3_S188_L001_R2_001.fastq.gz
/home/jovyan/work/CCRP/MATRIX/RawData/Microbiomics/Metagenomics/sequencing_runs/seq240424_T6U6R/A-230622-16S-c-58-4_S189_L001_R1_001.fastq.gz,0,A-230622-16S-c-58-4_S189_L001_R1_001.fastq.gz
/home/jovyan/work/CCRP/MATRIX/RawData/Microbiomics/Metagenomics/sequencing_runs/seq240424_T6U6R/A-230622-16S-c-58-4_S189_L001_R2_001.fastq.gz,0,A-230622-16S-c-58-4_S189_L001_R2_001.fastq.gz
/home/jovyan/work/CCRP/MATRIX/RawData/Microbiomics/Metagenomics/sequencing_runs/seq240424_T6U6R/A-230622-16S-c-58-5_S190_L001_R1_001.fastq.gz,0,A-230622-16S-c-58-5_S190_L001_R1_001.fastq.gz
/home/jovyan/work/CCRP/MATRIX/RawData/Microbiomics/Metagenomics/sequencing_runs/seq240424_T6U6R/A-230622-16S-c-58-5_S190_L001_R2_001.fastq.gz,0,A-230622-16S-c-58-5_S190_L001_R2_001.fastq.gz
/home/jovyan/work/CCRP/MATRIX/RawData/Microbiomics/Metagenomics/sequencing_runs/seq240424_T6U6R/A-230622-16S-c-58-6_S191_L001_R1_001.fastq.gz,0,A-230622-16S-c-58-6_S191_L001_R1_001.fastq.gz
/home/jovyan/work/CCRP/MATRIX/RawData/Microbiomics/Metagenomics/sequencing_runs/seq240424_T6U6R/A-230622-16S-c-58-6_S191_L001_R2_001.fastq.gz,0,A-230622-16S-c-58-6_S191_L001_R2_001.fastq.gz
/home/jovyan/work/CCRP/MATRIX/RawData/Microbiomics/Metagenomics/sequencing_runs/seq240424_T6U6R/A-230622-16S-c-58-7_S192_L001_R1_001.fastq.gz,0,A-230622-16S-c-58-7_S192_L001_R1_001.fastq.gz
/home/jovyan/work/CCRP/MATRIX/RawData/Microbiomics/Metagenomics/sequencing_runs/seq240424_T6U6R/A-230622-16S-c-58-7_S192_L001_R2_001.fastq.gz,0,A-230622-16S-c-58-7_S192_L001_R2_001.fastq.gz
/home/jovyan/work/CCRP/MATRIX/RawData/Microbiomics/Metagenomics/sequencing_runs/seq240424_T6U6R/A-230622-16S-c-59-1_S193_L001_R1_001.fastq.gz,0,A-230622-16S-c-59-1_S193_L001_R1_001.fastq.gz
/home/jovyan/work/CCRP/MATRIX/RawData/Microbiomics/Metagenomics/sequencing_runs/seq240424_T6U6R/A-230622-16S-c-59-1_S193_L001_R2_001.fastq.gz,0,A-230622-16S-c-59-1_S193_L001_R2_001.fastq.gz
/home/jovyan/work/CCRP/MATRIX/RawData/Microbiomics/Metagenomics/sequencing_runs/seq240424_T6U6R/A-230622-16S-c-59-2_S194_L001_R1_001.fastq.gz,0,A-230622-16S-c-59-2_S194_L001_R1_001.fastq.gz
/home/jovyan/work/CCRP/MATRIX/RawData/Microbiomics/Metagenomics/sequencing_runs/seq240424_T6U6R/A-230622-16S-c-59-2_S194_L001_R2_001.fastq.gz,0,A-230622-16S-c-59-2_S194_L001_R2_001.fastq.gz
/home/jovyan/work/CCRP/MATRIX/RawData/Microbiomics/Metagenomics/sequencing_runs/seq240424_T6U6R/A-230622-16S-c-59-3_S195_L001_R1_001.fastq.gz,0,A-230622-16S-c-59-3_S195_L001_R1_001.fastq.gz
/home/jovyan/work/CCRP/MATRIX/RawData/Microbiomics/Metagenomics/sequencing_runs/seq240424_T6U6R/A-230622-16S-c-59-3_S195_L001_R2_001.fastq.gz,0,A-230622-16S-c-59-3_S195_L001_R2_001.fastq.gz
/home/jovyan/work/CCRP/MATRIX/RawData/Microbiomics/Metagenomics/sequencing_runs/seq240424_T6U6R/A-230622-16S-c-59-4_S196_L001_R1_001.fastq.gz,0,A-230622-16S-c-59-4_S196_L001_R1_001.fastq.gz
/home/jovyan/work/CCRP/MATRIX/RawData/Microbiomics/Metagenomics/sequencing_runs/seq240424_T6U6R/A-230622-16S-c-59-4_S196_L001_R2_001.fastq.gz,0,A-230622-16S-c-59-4_S196_L001_R2_001.fastq.gz
/home/jovyan/work/CCRP/MATRIX/RawData/Microbiomics/Metagenomics/sequencing_runs/seq240424_T6U6R/A-230622-16S-c-59-5_S197_L001_R1_001.fastq.gz,0,A-230622-16S-c-59-5_S197_L001_R1_001.fastq.gz
/home/jovyan/work/CCRP/MATRIX/RawData/Microbiomics/Metagenomics/sequencing_runs/seq240424_T6U6R/A-230622-16S-c-59-5_S197_L001_R2_001.fastq.gz,0,A-230622-16S-c-59-5_S197_L001_R2_001.fastq.gz
/home/jovyan/work/CCRP/MATRIX/RawData/Microbiomics/Metagenomics/sequencing_runs/seq240424_T6U6R/A-230622-16S-c-59-6_S198_L001_R1_001.fastq.gz,0,A-230622-16S-c-59-6_S198_L001_R1_001.fastq.gz
/home/jovyan/work/CCRP/MATRIX/RawData/Microbiomics/Metagenomics/sequencing_runs/seq240424_T6U6R/A-230622-16S-c-59-6_S198_L001_R2_001.fastq.gz,0,A-230622-16S-c-59-6_S198_L001_R2_001.fastq.gz
/home/jovyan/work/CCRP/MATRIX/RawData/Microbiomics/Metagenomics/sequencing_runs/seq240424_T6U6R/T-040723-virome_S199_L001_R1_001.fastq.gz,0,T-040723-virome_S199_L001_R1_001.fastq.gz
/home/jovyan/work/CCRP/MATRIX/RawData/Microbiomics/Metagenomics/sequencing_runs/seq240424_T6U6R/T-040723-virome_S199_L001_R2_001.fastq.gz,0,T-040723-virome_S199_L001_R2_001.fastq.gz
/home/jovyan/work/CCRP/MATRIX/RawData/Microbiomics/Metagenomics/sequencing_runs/seq240424_T6U6R/T-040723-virome_S29_L001_R1_001.fastq.gz,1100047,T-040723-virome_S29_L001_R1_001.fastq.gz
/home/jovyan/work/CCRP/MATRIX/RawData/Microbiomics/Metagenomics/sequencing_runs/seq240424_T6U6R/T-040723-virome_S29_L001_R2_001.fastq.gz,1100047,T-040723-virome_S29_L001_R2_001.fastq.gz
/home/jovyan/work/CCRP/MATRIX/RawData/Microbiomics/Metagenomics/sequencing_runs/seq240508_LNERQ/T-180723-ITS-s-59H_S177_L001_R1_001.fastq.gz,29212,T-180723-ITS-s-59H_S177_L001_R1_001.fastq.gz
/home/jovyan/work/CCRP/MATRIX/RawData/Microbiomics/Metagenomics/sequencing_runs/seq240508_LNERQ/T-180723-ITS-s-59H_S177_L001_R2_001.fastq.gz,29212,T-180723-ITS-s-59H_S177_L001_R2_001.fastq.gz
/home/jovyan/work/CCRP/MATRIX/RawData/Microbiomics/Metagenomics/sequencing_runs/seq240515_E8KTD/Undetermined_S0_L001_R1_001.fastq.gz,196112308,Undetermined_S0_L001_R1_001.fastq.gz
/home/jovyan/work/CCRP/MATRIX/RawData/Microbiomics/Metagenomics/sequencing_runs/seq240515_E8KTD/Undetermined_S0_L001_R2_001.fastq.gz,196112308,Undetermined_S0_L001_R2_001.fastq.gz
/home/jovyan/work/CCRP/MATRIX/RawData/Microbiomics/Metagenomics/sequencing_runs/seq240515_E8KTD/Undetermined_S0_L002_R1_001.fastq.gz,196455073,Undetermined_S0_L002_R1_001.fastq.gz
/home/jovyan/work/CCRP/MATRIX/RawData/Microbiomics/Metagenomics/sequencing_runs/seq240515_E8KTD/Undetermined_S0_L002_R2_001.fastq.gz,196455073,Undetermined_S0_L002_R2_001.fastq.gz
/home/jovyan/work/CCRP/MATRIX/RawData/Microbiomics/Metagenomics/sequencing_runs/seq240515_E8KTD/Undetermined_S0_L003_R1_001.fastq.gz,194212655,Undetermined_S0_L003_R1_001.fastq.gz
/home/jovyan/work/CCRP/MATRIX/RawData/Microbiomics/Metagenomics/sequencing_runs/seq240515_E8KTD/Undetermined_S0_L003_R2_001.fastq.gz,194212655,Undetermined_S0_L003_R2_001.fastq.gz
/home/jovyan/work/CCRP/MATRIX/RawData/Microbiomics/Metagenomics/sequencing_runs/seq240515_E8KTD/Undetermined_S0_L004_R1_001.fastq.gz,194332187,Undetermined_S0_L004_R1_001.fastq.gz
/home/jovyan/work/CCRP/MATRIX/RawData/Microbiomics/Metagenomics/sequencing_runs/seq240515_E8KTD/Undetermined_S0_L004_R2_001.fastq.gz,194332187,Undetermined_S0_L004_R2_001.fastq.gz
/home/jovyan/work/CCRP/MATRIX/RawData/Microbiomics/Metagenomics/sequencing_runs/seq240710_DR8PG/T-130623-ITS-c-10C-1_S79_L001_R1_001.fastq.gz,46160,T-130623-ITS-c-10C-1_S79_L001_R1_001.fastq.gz
/home/jovyan/work/CCRP/MATRIX/RawData/Microbiomics/Metagenomics/sequencing_runs/seq240710_DR8PG/T-130623-ITS-c-10C-1_S79_L001_R2_001.fastq.gz,46160,T-130623-ITS-c-10C-1_S79_L001_R2_001.fastq.gz
/home/jovyan/work/CCRP/MATRIX/RawData/Microbiomics/Metagenomics/sequencing_runs/seq240820_C6WGP/T-130623-16S-c-10C-1_S52_L001_R1_001.fastq.gz,10839,T-130623-16S-c-10C-1_S52_L001_R1_001.fastq.gz
/home/jovyan/work/CCRP/MATRIX/RawData/Microbiomics/Metagenomics/sequencing_runs/seq240820_C6WGP/T-130623-16S-c-10C-1_S52_L001_R2_001.fastq.gz,10839,T-130623-16S-c-10C-1_S52_L001_R2_001.fastq.gz
/home/jovyan/work/CCRP/MATRIX/RawData/Microbiomics/Metagenomics/sequencing_runs/seq240820_C6WGP/T-130623-16S-c-91C-1_S53_L001_R1_001.fastq.gz,20421,T-130623-16S-c-91C-1_S53_L001_R1_001.fastq.gz
/home/jovyan/work/CCRP/MATRIX/RawData/Microbiomics/Metagenomics/sequencing_runs/seq240820_C6WGP/T-130623-16S-c-91C-1_S53_L001_R2_001.fastq.gz,20421,T-130623-16S-c-91C-1_S53_L001_R2_001.fastq.gz
/home/jovyan/work/CCRP/MATRIX/RawData/Microbiomics/Metagenomics/sequencing_runs/seq240820_C6WGP/T-130623-ITS-c-10C-1_S49_L001_R1_001.fastq.gz,32750,T-130623-ITS-c-10C-1_S49_L001_R1_001.fastq.gz
/home/jovyan/work/CCRP/MATRIX/RawData/Microbiomics/Metagenomics/sequencing_runs/seq240820_C6WGP/T-130623-ITS-c-10C-1_S49_L001_R2_001.fastq.gz,32750,T-130623-ITS-c-10C-1_S49_L001_R2_001.fastq.gz
/home/jovyan/work/CCRP/MATRIX/RawData/Microbiomics/Metagenomics/sequencing_runs/seq240820_C6WGP/T-180723-ITS-c-26G-1_S50_L001_R1_001.fastq.gz,30859,T-180723-ITS-c-26G-1_S50_L001_R1_001.fastq.gz
/home/jovyan/work/CCRP/MATRIX/RawData/Microbiomics/Metagenomics/sequencing_runs/seq240820_C6WGP/T-180723-ITS-c-26G-1_S50_L001_R2_001.fastq.gz,30859,T-180723-ITS-c-26G-1_S50_L001_R2_001.fastq.gz
/home/jovyan/work/CCRP/MATRIX/RawData/Microbiomics/Metagenomics/sequencing_runs/seq240820_C6WGP/T-180723-ITS-s-35H_S51_L001_R1_001.fastq.gz,33812,T-180723-ITS-s-35H_S51_L001_R1_001.fastq.gz
/home/jovyan/work/CCRP/MATRIX/RawData/Microbiomics/Metagenomics/sequencing_runs/seq240820_C6WGP/T-180723-ITS-s-35H_S51_L001_R2_001.fastq.gz,33812,T-180723-ITS-s-35H_S51_L001_R2_001.fastq.gz
